Vessel_ID,fuel_nm_per_liter,avg_fuel_efficiency_score,avg_speed,avg_utilization_rate,total_distance,avg_engine_health,avg_engine_load,avg_wave_height,avg_navigation_difficulty,total_maintenance_cost,total_repair_hours,composite_risk_score
V001,1.0943491982244073,29.5581954043838,9.68332340019957,52.61203820688473,217.7449316255343,78.95270748417218,52.61823128956953,1.4890002452903524,62.12897707105948,0.0,0.0,26.57003607767863
V002,0.5807999419440096,21.899175929122684,9.666415640807237,33.38366282898481,236.96481187372115,62.73313344451609,45.05489135248656,1.9302210413362473,54.13998234310712,24971.018937266846,255.7992703019874,26.444377376844436
